symbol,strategy,trigger,regime,category,confluence,signal_date,signal_price,entry_date,entry_price,entry_slippage,entry_commission,shares,original_shares,position_size,stop_loss,trailing_stop,take_profit,peak_price,rsi_at_entry,vol_at_entry,stdev_20,stdev_fallback,strength,scaled_out,scale_out_price,scale_out_date,from_queue,status,exit_date,exit_price,exit_reason,exit_slippage,exit_commission,total_commission,holding_days,pnl,pnl_pct,pnl_after_costs,version,sample_phase,contaminated,contamination_reasons,fill_source,fill_detect,shadow_days,shadow_peak,shadow_missed_pct,shadow_trough,shadow_avoided_pct,shadow_verdict
HAFN,momentum_breakout,breakout,uptrend,momentum_candidate,3,2026-09-04,9.22,2026-09-08,8.82,0.01,1.0,16.89,16.89,149.0,8.39,9.17,10.41,10.19,71.2,1.9,,,medium,False,,,False,closed,2026-09-23,9.16,trailing_stop,0.0092,1.0,2.0,19,5.76,3.86,3.76,3.0,pre_clean,True,pre_fix_accounting;stale_entry;unverified_fill_path,,,9,9.96,8.73,8.43,7.97,Left money on table
DYN,mean_reversion,oversold+sma_support,range,reversal_candidate,2,2026-09-08,17.01,2026-09-08,17.09,0.0171,1.0,4.36,8.72,149.0,14.76,17.27,18.8,19.19,25.0,0.6,,,medium,True,19.17,2026-09-09,False,closed,2026-09-18,17.25,trailing_stop,0.0173,1.0,3.0,10,9.77,6.56,6.77,3.0,pre_clean,True,pre_fix_accounting;scaleout_pnl_pre_fix;unverified_fill_path,,,14,18.09,4.87,15.2,11.88,Good exit
ABM,momentum_breakout,breakout,uptrend,momentum_candidate,3,2026-09-08,50.6,2026-09-09,50.65,0.05,1.0,2.94,2.94,149.0,48.67,48.67,59.76,50.91,59.3,2.65,,,medium,False,,,False,closed,2026-09-29,48.62,stop_loss,0.0487,1.0,2.0,21,-5.96,-4.01,-7.96,3.0,pre_clean,True,pre_fix_accounting;stale_entry;unverified_fill_path,,,3,48.83,0.43,47.91,1.46,Good exit
PINS,mean_reversion,oversold+volume+sma_support,range,reversal_candidate,3,2026-09-09,18.28,2026-09-10,20.0,0.02,1.0,7.45,7.45,149.0,18.83,18.83,22.0,19.99997954177856,29.1,2.58,,,high,False,,,False,closed,2026-09-16,18.81,stop_loss,0.0188,1.0,2.0,7,-8.86,-5.94,-10.86,3.0,pre_clean,True,pre_fix_accounting;stale_entry;unverified_fill_path,,,16,19.39,3.08,18.24,3.03,Good exit
ECO,momentum_breakout,breakout,uptrend,momentum_candidate,3,2026-09-14,79.72,2026-09-15,79.78,0.08,1.0,1.87,1.87,149.0,75.77,78.25,94.13,86.94,79.7,2.1,,,medium,False,,,False,closed,2026-09-22,78.17,trailing_stop,0.0782,1.0,2.0,8,-3.01,-2.02,-5.01,3.0,pre_clean,True,pre_fix_accounting;stale_entry;unverified_fill_path,,,10,84.57,8.19,77.54,0.81,Left money on table
SDGR,momentum_breakout,breakout,uptrend,momentum_candidate,3,2026-09-17,30.24,2026-09-18,29.35,0.0293,1.0,5.08,5.08,149.0,25.06,28.23,34.63,31.37,79.4,5.62,,,high,False,,,False,closed,2026-09-28,28.2,trailing_stop,0.0282,1.0,2.0,12,-5.83,-3.91,-7.83,3.0,pre_clean,True,pre_fix_accounting;unverified_fill_path,,,4,31.05,10.11,28.22,-0.07,Left money on table
TMO,momentum_breakout,breakout,uptrend,volume_spike,3,2026-09-21,655.46,2026-09-21,654.54,0.6539,1.0,0.23,0.23,149.0,634.25,634.25,772.36,683.0,71.0,,,,unknown,False,,,True,open,,,,,,1.0,11,,,,3.0,clean_v3,False,,scheduled,env,,,,,,
WBD,momentum_breakout,breakout,uptrend,momentum_candidate,3,2026-09-22,30.8,2026-09-22,30.87,0.0308,1.0,4.83,4.83,149.0,29.31,29.31,36.42,30.96,71.8,7.93,0.0252,False,unknown,False,,,True,open,,,,,,1.0,10,,,,3.0,clean_v3,False,,scheduled,env,,,,,,
NEOG,momentum_breakout,breakout,uptrend,momentum_candidate,3,2026-09-23,13.74,2026-09-23,14.22,0.0142,1.0,10.48,10.48,149.0,13.75,13.75,16.78,14.224210038185118,72.8,1.71,0.0168,False,unknown,False,,,True,closed,2026-09-24,13.74,stop_loss,0.0137,1.0,2.0,1,-5.07,-3.4,-7.07,3.0,clean_v3,False,,scheduled,env,8,13.76,0.15,12.15,11.57,Good exit
SECZ,momentum_breakout,breakout,uptrend,momentum_candidate,3,2026-09-24,16.53,2026-09-25,14.68,0.0147,1.0,10.15,10.15,149.0,12.07,15.13,17.33,16.81,76.7,2.52,0.089,False,medium,False,,,False,closed,2026-09-30,15.11,trailing_stop,0.0151,1.0,2.0,6,4.41,2.96,2.41,3.0,clean_v3,False,,scheduled,env,2,15.79,4.5,14.04,7.08,Good exit
AMP,mean_reversion,oversold+volume+sma_support,range,reversal_candidate,3,2026-09-29,496.16,2026-09-29,492.08,0.4916,1.0,0.3,0.3,149.0,472.99,472.99,541.29,501.38,28.1,1.76,0.0194,False,unknown,False,,,True,open,,,,,,1.0,3,,,,3.0,clean_v3,False,,scheduled,env,,,,,,
TWST,momentum_breakout,breakout,uptrend,momentum_candidate,3,2026-09-29,186.13,2026-09-30,188.19,0.188,1.0,0.79,0.79,149.0,167.83,178.5,222.06,198.33,73.9,1.92,0.0541,False,unknown,False,,,True,open,,,,,,1.0,2,,,,3.0,clean_v3,False,,scheduled,env,,,,,,
BCE,mean_reversion,oversold+sma_support,range,reversal_candidate,2,2026-09-30,20.38,2026-09-30,20.22,0.0202,1.0,7.37,7.37,149.0,19.86,19.86,22.24,20.33,29.5,0.87,0.0089,False,unknown,False,,,True,closed,2026-10-01,19.84,stop_loss,0.0199,1.0,2.0,1,-2.8,-1.88,-4.8,3.0,clean_v3,False,,scheduled,env,1,20.34,2.52,19.73,0.55,Good exit
GMAB,momentum_breakout,breakout,uptrend,momentum_candidate,3,2026-10-01,34.7,2026-10-01,35.29,0.0352,1.0,4.22,4.22,149.0,34.16,34.16,41.64,35.28525,66.9,2.19,0.016,False,unknown,False,,,True,closed,2026-10-02,34.13,stop_loss,0.0342,1.0,2.0,1,-4.91,-3.3,-6.91,3.0,clean_v3,False,,scheduled,env,0,34.75,1.82,34.16,-0.09,Good exit
